{"cameraMode":{"drawMode":0,"name":"Shaded","section":"Shading Mode"},"sceneLighting":false,"audioPlay":false,"sceneViewState":{"m_AlwaysRefresh":false,"showFog":false,"showSkybox":false,"showFlares":false,"showImageEffects":false,"showParticleSystems":false,"showVisualEffectGraphs":true,"m_FxEnabled":true},"in2DMode":false,"pivot":{"x":-0.03485094755887985,"y":0.04539348557591438,"z":0.04954616352915764},"rotation":{"x":-0.002043386222794652,"y":-0.9979385137557983,"z":-0.04162851721048355,"w":0.04909408465027809},"size":0.05195164680480957,"orthographic":false}