{"cameraMode":{"drawMode":0,"name":"Shaded","section":"Shading Mode"},"sceneLighting":true,"audioPlay":false,"sceneViewState":{"m_AlwaysRefresh":false,"showFog":true,"showSkybox":true,"showFlares":true,"showImageEffects":true,"showParticleSystems":true,"showVisualEffectGraphs":true,"m_FxEnabled":true},"in2DMode":false,"pivot":{"x":6.407827377319336,"y":1.3737773895263672,"z":59.350616455078128},"rotation":{"x":0.15153828263282777,"y":0.4655618369579315,"z":-0.08126910775899887,"w":0.8681772351264954},"size":5.699151039123535,"orthographic":false}