{"cameraMode":{"drawMode":0,"name":"Shaded","section":"Shading Mode"},"sceneLighting":false,"audioPlay":false,"sceneViewState":{"m_AlwaysRefresh":false,"showFog":true,"showSkybox":false,"showFlares":true,"showImageEffects":true,"showParticleSystems":true,"showVisualEffectGraphs":true,"m_FxEnabled":true},"in2DMode":false,"pivot":{"x":-0.010905146598815918,"y":2.058295488357544,"z":-0.008464336395263672},"rotation":{"x":0.15598861873149873,"y":-0.6936497688293457,"z":0.15789061784744264,"w":0.6852947473526001},"size":3.2606678009033205,"orthographic":false}