{"cameraMode":{"drawMode":0,"name":"Shaded","section":"Shading Mode"},"sceneLighting":false,"audioPlay":false,"sceneViewState":{"m_AlwaysRefresh":false,"showFog":true,"showSkybox":false,"showFlares":true,"showImageEffects":true,"showParticleSystems":true,"showVisualEffectGraphs":true,"m_FxEnabled":true},"in2DMode":false,"pivot":{"x":0.3529798686504364,"y":0.9000117182731628,"z":0.11186027526855469},"rotation":{"x":0.06585496664047241,"y":-0.23487219214439393,"z":0.015949370339512826,"w":0.9696760177612305},"size":0.5559089183807373,"orthographic":false}