{"cameraMode":{"drawMode":0,"name":"Shaded","section":"Shading Mode"},"sceneLighting":false,"audioPlay":false,"sceneViewState":{"m_AlwaysRefresh":false,"showFog":true,"showSkybox":false,"showFlares":true,"showImageEffects":true,"showParticleSystems":true,"showVisualEffectGraphs":true,"m_FxEnabled":true},"in2DMode":false,"pivot":{"x":-1.7642340660095215,"y":4.267687797546387,"z":21.938596725463868},"rotation":{"x":0.00926628801971674,"y":-0.0979754850268364,"z":0.0008947383612394333,"w":0.9951554536819458},"size":5.133208274841309,"orthographic":false}